first name,last name,phone number,email
Dean,Black,345-925-1528x47989,jessicafreeman@yahoo.com
Dorothy,Smith,(701)192-4260,george89@yahoo.com
Cody,Patterson,(609)990-2730,roneal@hotmail.com
Randy,Baker,363-657-3830,gsilva@wilson-kennedy.com
Ashley,Acevedo,001-153-015-5150x325,wstevens@martinez.net
Patrick,Ray,362.867.0291x21007,christian94@chavez.biz
Craig,Curtis,462.578.7514x1948,thomasnatalie@hotmail.com
Rodney,Wolf,2471471434,pachecojohn@jones.com
Linda,Smith,001-111-553-9867x400,cherylsalinas@yahoo.com
Timothy,Perry,(762)910-4436x44159,bellmadison@yahoo.com
Shannon,Castro,131-133-0382x492,tinasnyder@gmail.com
Kelli,Harper,+1-471-137-2449,michael19@adams.com
Richard,Swanson,(524)915-1871,martinezcarolyn@bailey.net
Kendra,Alvarado,+1-465-158-5227x304,milleramanda@wong-barnes.biz
James,Schultz,2497126141,carriegomez@gmail.com
Justin,Ayala,+1-600-242-2067x2553,grantwesley@gonzalez.com
Lisa,Harris,641-360-0029,gblackwell@liu.biz
Robert,White,627.094.6369x1389,nunezshawn@yahoo.com
Stephanie,Kennedy,+1-189-743-9151x117,richard24@hotmail.com
Erika,Anderson,(701)684-4551x025,robyn55@williams-roach.com
Ronald,Arroyo,566.330.6853x4802,cantubrittany@odonnell-jennings.com
Kathryn,Moore,773.839.0527x934,fordmary@jackson-stein.info
Michael,Hansen,639-793-8374x46630,kristenhutchinson@gmail.com
William,Martinez,001-207-545-5859x539,kristinsmith@hotmail.com
Joseph,Richardson,191.907.7230x546,gutierrezjames@dixon-clark.biz
Connie,Contreras,(925)059-5333x85139,pattersondoris@gmail.com
Julie,Graves,001-679-266-7189x31451,craig05@kelly.info
Dustin,Cherry,(934)674-6392,christinaperry@yahoo.com
Lindsey,Craig,(366)288-2543x03742,todd50@santos.com
Angela,Saunders,2076732268,taylorashley@foster.com
Tamara,Shaw,001-174-166-1066,julie18@yahoo.com
Wayne,Griffin,+1-006-152-6574,malikchavez@yang-johnson.com
Dennis,Grant,9134284603,chapmanandres@foster-barrett.com
Christopher,Cain,(213)163-2820,aharvey@gmail.com
Ann,Hunt,001-078-969-6031x456,jesus73@edwards-williams.info
Denise,Garrett,001-210-820-2164,martinezbrooke@gutierrez.com
Annette,Benton,(594)348-8292,john84@wilson-shaw.org
Jessica,Gibson,001-805-868-3984,davidjones@williams-randall.info
Craig,Christian,514-151-2537,carrolljesse@sexton.net
Jennifer,Holland,001-199-503-0987x7696,ukline@yahoo.com
Patricia,Martinez,+1-638-196-3389x67407,natalie21@hays-patterson.com
Lisa,Brooks,001-225-456-4897x263,ballardvictoria@smith.org
Michelle,Bradford,816-643-5950,blackkurt@yahoo.com
John,Fields,001-893-126-3064x66678,aadams@gmail.com
Brian,Munoz,(318)814-8035x3978,bridgesbarbara@hernandez.net
Julia,Friedman,(356)364-8005x4977,marisabutler@hotmail.com
Stephanie,Savage,+1-556-833-6053x229,isanchez@collier.net
Christopher,Taylor,+1-952-099-1718,jonathan79@hotmail.com
Susan,Mills,414-207-3719,alexandrahughes@andrews-potts.net
Ricky,Orr,(978)686-0128x275,juliasmith@zavala.com
